cat,percentile_60,percentile_40,percentile_50,percentile_30,percentile_80,percentile_90,percentile_20,percentile_10,percentile_100,percentile_70
dist2trfc,500.0,316.227752686,400.0,223.606796265,824.621154785,2154.06591797,200.0,100.0,16243.1523438,600.0
dist2wtr,670.820373535,316.227752686,500.0,200.0,1220.65551758,1835.75598145,100.0,0.0,8256.51269531,905.538513184
dist2ntr,2100.0,1272.79223633,1649.24230957,921.954467773,3352.61083984,4609.77246094,600.0,282.842712402,14800.0,2624.88085938
dist2recr,2282.54248047,1529.70581055,1897.36657715,1208.30456543,3492.84985352,4924.42871094,900.0,509.901947021,19720.2949219,2778.48876953
dist2frst,1044.03063965,538.516479492,761.577331543,360.555114746,2140.09350586,3862.64160156,200.0,100.0,19233.8242188,1456.02197266
dist2sports,1886.79626465,1272.79223633,1555.6348877,1000.0,2927.45629883,4632.49414062,728.010986328,447.213592529,18780.8417969,2302.17285156
dist2parks,2773.08496094,1802.77563477,2256.1027832,1360.14709473,4356.60400391,6403.12402344,905.538513184,447.213592529,23104.1113281,3413.2097168
dist2agric,100.0,0.0,0.0,0.0,700.0,2507.98730469,0.0,0.0,16209.8730469,223.606796265
