cat,percentile_60,percentile_40,percentile_50,percentile_30,percentile_80,percentile_90,percentile_20,percentile_10,percentile_100,percentile_70
dist2trfc,412.310577393,300.0,360.555114746,223.606796265,721.110229492,1341.64074707,200.0,100.0,9402.12695312,509.901947021
dist2wtr,509.901947021,282.842712402,400.0,141.421356201,984.885803223,1414.21362305,100.0,0.0,6718.63085938,707.106811523
dist2ntr,1843.90893555,1166.19042969,1486.60693359,860.232543945,2807.13378906,3601.38867188,583.095214844,282.842712402,9213.03417969,2280.35083008
dist2recr,2213.59448242,1526.43371582,1860.10754395,1208.30456543,3157.53076172,3985.72380371,894.427185059,509.901947021,10780.0742188,2624.88085938
dist2frst,1220.65551758,721.110229492,948.683288574,509.901947021,2024.84570312,2801.78515625,316.227752686,141.421356201,9360.55566406,1565.24755859
dist2sports,1772.0045166,1204.15942383,1476.4822998,921.954467773,2624.88085938,3492.84985352,670.820373535,412.310577393,12200.0,2137.75585938
dist2parks,2220.36035156,1421.26708984,1802.77563477,1044.03063965,3361.54736328,4455.33398438,670.820373535,316.227752686,11933.1474609,2707.3972168
dist2agric,100.0,0.0,0.0,0.0,632.455505371,1503.32958984,0.0,0.0,9596.35351562,282.842712402
